create database atvsala;
use atvsala;

-- Criação da tabela Customers
CREATE TABLE IF NOT EXISTS Customers (
   customer_id INT PRIMARY KEY,
   first_name VARCHAR(50),
   last_name VARCHAR(50),
   email VARCHAR(100)
);

-- Criação da tabela Orders
CREATE TABLE IF NOT EXISTS Orders (
   order_id INT PRIMARY KEY,
   customer_id INT,
   order_date DATE,
   FOREIGN KEY (customer_id) REFERENCES Customers(customer_id)
);

-- Criação da tabela Products
CREATE TABLE IF NOT EXISTS Products (
   product_id INT PRIMARY KEY,
   product_name VARCHAR(100),
   price DECIMAL(10, 2)
);

-- Criação da tabela Order_Items
CREATE TABLE IF NOT EXISTS Order_Items (
   order_item_id INT PRIMARY KEY,
   order_id INT,
   product_id INT,
   quantity INT,
   FOREIGN KEY (order_id) REFERENCES Orders(order_id),
   FOREIGN KEY (product_id) REFERENCES Products(product_id)
);

-- Inserção de dados na tabela Customers
INSERT INTO Customers (customer_id, first_name, last_name, email) VALUES
(1, 'Ana', 'Silva', 'ana.silva@example.com'),
(2, 'Bruno', 'Santos', 'bruno.santos@example.com'),
(3, 'Carlos', 'Pereira', 'carlos.pereira@example.com'),
(4, 'Daniela', 'Oliveira', 'daniela.oliveira@example.com');

-- Inserção de dados na tabela Orders
INSERT INTO Orders (order_id, customer_id, order_date) VALUES
(1, 1, '2023-07-01'),
(2, 2, '2023-07-02'),
(3, 1, '2023-07-03'),
(4, 3, '2023-07-04');

-- Inserção de dados na tabela Products
INSERT INTO Products (product_id, product_name, price) VALUES
(1, 'Notebook', 2500.00),
(2, 'Mouse', 50.00),
(3, 'Teclado', 100.00),
(4, 'Monitor', 600.00);

-- Inserção de dados na tabela Order_Items
INSERT INTO Order_Items (order_item_id, order_id, product_id, quantity) VALUES
(1, 1, 1, 1),
(2, 1, 2, 2),
(3, 2, 2, 1),
(4, 2, 3, 1),
(5, 3, 1, 2),
(6, 4, 4, 1);

select Orders.order_id, 
Orders.order_date,
Customers.first_name, 
Customers.last_name, 
Customers.email

from Orders

inner join Customers
on Orders.order_id = Customers.customer_id;

select Products.product_name,
order_items.quantity
from Products
inner join Order_items on Products.product_id = Order_items.product_id
inner join Orders on Order_items.order_id = Orders.order_id
where Orders.customer_id = 2;

select concat(Customers.first_name, ' ', Customers.last_name), sum(Products.price) 
from Customers
left join Orders on Customers.customer_id = Orders.customer_id
left join Order_items on Orders.order_id = Order_items.order_id
left join Products on Order_items.product_id = Products.product_id
group by Customers.customer_id;
